Workbook

Sheet Tracker
A1: Priority Tier | B1: Pattern | C1: Notes / Sub-patterns | D1: Status | E1: Problems Solved | F1: Target | G1: Progress % | H1: Last Practiced | I1: Link
A2: Tier 1 | B2: Hash Maps | C2: Frequency counting, memoization, O(1) lookups — underlies most other patterns | D2: Done | E2: 4 | F2: 5 | G2: =IFERROR(E2/F2,0) -> 0.8 | H2: 46211 | I2: Practice link
A3: Tier 1 | B3: Two Pointers | C3: Converging (palindrome check), Parallel (substring search), Trigger-based | D3: Not Started | E3: 0 | F3: 5 | G3: =IFERROR(E3/F3,0) -> 0 | I3: Practice link
A4: Tier 1 | B4: Sliding Window | C4: Fixed & variable-size window problems | D4: Not Started | E4: 0 | F4: 5 | G4: =IFERROR(E4/F4,0) -> 0 | I4: Practice link
A5: Tier 1 | B5: Tree DFS | C5: Pre/in/post-order, recursive & iterative traversal | D5: Not Started | E5: 0 | F5: 5 | G5: =IFERROR(E5/F5,0) -> 0 | I5: Practice link
A6: Tier 1 | B6: Tree BFS / Level Order | C6: Level-by-level traversal, zigzag, level averages | D6: Not Started | E6: 0 | F6: 5 | G6: =IFERROR(E6/F6,0) -> 0 | I6: Practice link
A7: Tier 1 | B7: Graphs | C7: Traversal, connectivity, shortest path basics | D7: Not Started | E7: 0 | F7: 5 | G7: =IFERROR(E7/F7,0) -> 0 | I7: Practice link
A8: Tier 1 | B8: Dynamic Programming - Fibonacci style | C8: 1D DP, base case + recurrence intuition | D8: Not Started | E8: 0 | F8: 5 | G8: =IFERROR(E8/F8,0) -> 0 | I8: Practice link
A9: Tier 1 | B9: Dynamic Programming - 0/1 Knapsack | C9: 2D DP, subset-sum family | D9: Not Started | E9: 0 | F9: 5 | G9: =IFERROR(E9/F9,0) -> 0 | I9: Practice link
A10: Tier 1 | B10: Dynamic Programming - Palindromic Subsequence | C10: Interval DP | D10: Not Started | E10: 0 | F10: 5 | G10: =IFERROR(E10/F10,0) -> 0 | I10: Practice link
A11: Tier 2 | B11: Island / Matrix Traversal | C11: DFS/BFS applied to grids | D11: Not Started | E11: 0 | F11: 5 | G11: =IFERROR(E11/F11,0) -> 0 | I11: Practice link
A12: Tier 2 | B12: Top K Elements | C12: Heap-based selection problems | D12: Not Started | E12: 0 | F12: 5 | G12: =IFERROR(E12/F12,0) -> 0 | I12: Practice link
A13: Tier 2 | B13: Two Heaps | C13: Median-finding, balancing two heaps | D13: Not Started | E13: 0 | F13: 5 | G13: =IFERROR(E13/F13,0) -> 0 | I13: Practice link
A14: Tier 2 | B14: Merge Intervals | C14: Overlapping interval problems | D14: Not Started | E14: 0 | F14: 5 | G14: =IFERROR(E14/F14,0) -> 0 | I14: Practice link
... A31: Tier 4 | B31: Multi-threaded | C31: Concurrency-flavored coding (relevant for infra-leaning roles) | D31: Not Started | E31: 0 | F31: 5 | G31: =IFERROR(E31/F31,0) -> 0 | I31: Practice link

Sheet Dashboard
A1: Coding Patterns Practice — Dashboard
A3: Overall Progress
A4: Total Patterns | B4: =COUNTA(Tracker!B2:B31) -> 30
A5: Done | B5: =COUNTIF(Tracker!D2:D31,"Done") -> 1
A6: In Progress | B6: =COUNTIF(Tracker!D2:D31,"In Progress") -> 0
A7: Not Started | B7: =COUNTIF(Tracker!D2:D31,"Not Started") -> 29
A8: Overall Completion % | B8: =B5/B4 -> 0.033333333
A10: Breakdown by Tier
A11: Tier | B11: Total | C11: Done | D11: In Progress | E11: Not Started | F11: % Done
A12: Tier 1 | B12: =COUNTIF(Tracker!A2:A31,"Tier 1") -> 9 | C12: =COUNTIFS(Tracker!A2:A31,"Tier 1",Tracker!D2:D31,"Done") -> 1 | D12: =COUNTIFS(Tracker!A2:A31,"Tier 1",Tracker!D2:D31,"In Progress") -> 0 | E12: =COUNTIFS(Tracker!A2:A31,"Tier 1",Tracker!D2:D31,"Not Started") -> 8 | F12: =IFERROR(C12/B12,0) -> 0.11111111
A13: Tier 2 | B13: =COUNTIF(Tracker!A2:A31,"Tier 2") -> 8 | C13: =COUNTIFS(Tracker!A2:A31,"Tier 2",Tracker!D2:D31,"Done") -> 0 | D13: =COUNTIFS(Tracker!A2:A31,"Tier 2",Tracker!D2:D31,"In Progress") -> 0 | E13: =COUNTIFS(Tracker!A2:A31,"Tier 2",Tracker!D2:D31,"Not Started") -> 8 | F13: =IFERROR(C13/B13,0) -> 0
A14: Tier 3 | B14: =COUNTIF(Tracker!A2:A31,"Tier 3") -> 7 | C14: =COUNTIFS(Tracker!A2:A31,"Tier 3",Tracker!D2:D31,"Done") -> 0 | D14: =COUNTIFS(Tracker!A2:A31,"Tier 3",Tracker!D2:D31,"In Progress") -> 0 | E14: =COUNTIFS(Tracker!A2:A31,"Tier 3",Tracker!D2:D31,"Not Started") -> 7 | F14: =IFERROR(C14/B14,0) -> 0
A15: Tier 4 | B15: =COUNTIF(Tracker!A2:A31,"Tier 4") -> 6 | C15: =COUNTIFS(Tracker!A2:A31,"Tier 4",Tracker!D2:D31,"Done") -> 0 | D15: =COUNTIFS(Tracker!A2:A31,"Tier 4",Tracker!D2:D31,"In Progress") -> 0 | E15: =COUNTIFS(Tracker!A2:A31,"Tier 4",Tracker!D2:D31,"Not Started") -> 6 | F15: =IFERROR(C15/B15,0) -> 0
